날짜,국내발생,해외유입,사망,남자,여자
2020-01-20,0,1,0,0,1
2020-01-21,0,0,0,0,0
2020-01-22,0,0,0,0,0
2020-01-23,0,0,0,0,0
2020-01-24,0,1,0,1,0
2020-01-25,0,0,0,0,0
2020-01-26,0,1,0,1,0
2020-01-27,0,1,0,1,0
2020-01-28,0,0,0,0,0
2020-01-29,0,0,0,0,0
2020-01-30,1,2,0,3,0
2020-01-31,3,1,0,1,3
2020-02-01,0,1,0,1,0
2020-02-02,1,2,0,2,1
2020-02-03,0,0,0,0,0
2020-02-04,0,1,0,0,1
2020-02-05,3,2,0,2,3
2020-02-06,1,2,0,2,1
2020-02-07,0,0,0,0,0
2020-02-08,0,0,0,0,0
2020-02-09,1,2,0,1,2
2020-02-10,1,0,0,0,1
2020-02-11,0,0,0,0,0
2020-02-12,0,0,0,0,0
2020-02-13,0,0,0,0,0
2020-02-14,0,0,0,0,0
2020-02-15,0,0,0,0,0
2020-02-16,2,0,0,1,1
2020-02-17,0,0,0,0,0
2020-02-18,2,0,0,0,2
2020-02-19,34,0,0,13,21
2020-02-20,16,0,1,5,11
2020-02-21,74,0,0,34,40
2020-02-22,190,0,2,95,95
2020-02-23,209,1,0,69,141
2020-02-24,206,1,4,69,138
2020-02-25,129,1,1,43,87
2020-02-26,252,1,2,94,159
2020-02-27,447,2,1,176,273
2020-02-28,427,0,1,156,271
2020-02-29,909,0,3,324,585
2020-03-01,593,2,1,236,359
2020-03-02,684,2,6,262,424
2020-03-03,599,1,5,219,381
2020-03-04,516,0,4,186,330
2020-03-05,437,1,3,153,285
2020-03-06,518,0,7,197,321
2020-03-07,483,0,2,176,307
2020-03-08,366,1,6,172,195
2020-03-09,247,1,1,103,145
2020-03-10,131,0,3,53,78
2020-03-11,239,3,6,95,147
2020-03-12,112,2,6,47,67
2020-03-13,107,3,1,50,60
2020-03-14,102,5,5,57,50
2020-03-15,72,4,3,35,41
2020-03-16,70,4,0,33,41
2020-03-17,79,5,6,31,53
2020-03-18,80,13,3,40,53
2020-03-19,135,17,7,57,95
2020-03-20,73,14,3,33,54
2020-03-21,126,21,8,57,90
2020-03-22,77,21,2,43,55
2020-03-23,46,18,7,27,37
2020-03-24,46,30,9,40,36
2020-03-25,42,58,6,53,47
2020-03-26,56,48,5,48,56
2020-03-27,57,34,8,40,51
2020-03-28,90,56,5,98,48
2020-03-29,38,67,8,63,42
2020-03-30,35,43,6,35,43
2020-03-31,88,37,4,71,54
2020-04-01,56,45,3,41,60
2020-04-02,43,46,4,34,55
2020-04-03,37,49,5,34,52
2020-04-04,53,41,3,39,55
2020-04-05,31,50,6,46,35
2020-04-06,25,22,2,21,26
2020-04-07,23,24,6,18,29
2020-04-08,23,30,7,25,28
2020-04-09,13,26,4,22,17
2020-04-10,17,10,4,15,12
2020-04-11,16,14,3,15,15
2020-04-12,9,23,3,14,18
2020-04-13,10,15,3,14,11
2020-04-14,11,16,5,13,14
2020-04-15,13,14,3,10,17
2020-04-16,11,11,4,6,16
2020-04-17,7,15,1,14,8
2020-04-18,9,9,2,7,11
2020-04-19,2,6,2,4,4
2020-04-20,6,7,2,5,8
2020-04-21,4,5,1,6,3
2020-04-22,5,6,1,6,5
2020-04-23,4,4,2,4,4
2020-04-24,4,2,0,5,1
2020-04-25,5,5,0,4,6
2020-04-26,1,9,2,6,4
2020-04-27,3,7,1,4,6
2020-04-28,2,12,1,7,7
2020-04-29,4,5,2,4,5
2020-04-30,0,4,1,4,0
2020-05-01,1,8,1,4,5
2020-05-02,0,6,2,6,0
2020-05-03,3,10,0,7,6
2020-05-04,0,8,2,6,2
2020-05-05,0,3,2,2,1
2020-05-06,0,2,1,2,0
2020-05-07,1,3,1,3,1
2020-05-08,1,11,0,7,5
2020-05-09,17,1,0,17,1
2020-05-10,26,8,0,24,10
2020-05-11,29,6,0,31,4
2020-05-12,22,5,2,20,7
2020-05-13,22,4,1,18,8
2020-05-14,26,3,1,17,12
2020-05-15,22,5,0,17,10
2020-05-16,9,10,2,11,8
2020-05-17,6,7,0,5,8
2020-05-18,5,10,1,11,4
2020-05-19,9,4,0,10,3
2020-05-20,24,8,0,23,9
2020-05-21,10,2,1,9,3
2020-05-22,11,9,0,15,5
2020-05-23,19,4,2,12,11
2020-05-24,17,8,0,15,10
2020-05-25,13,3,1,8,8
2020-05-26,16,3,2,13,6
2020-05-27,37,3,0,16,24
2020-05-28,68,11,0,48,31
2020-05-29,55,3,0,31,27
2020-05-30,27,12,0,21,18
2020-05-31,15,12,1,15,12
2020-06-01,30,5,1,12,23
2020-06-02,36,2,1,23,15
2020-06-03,46,3,1,23,26
2020-06-04,33,6,0,19,20
2020-06-05,34,5,0,21,18
2020-06-06,43,8,0,27,24
2020-06-07,53,4,0,30,27
2020-06-08,32,5,0,12,25
2020-06-09,35,3,1,18,20
2020-06-10,43,7,2,22,28
2020-06-11,40,5,0,28,17
2020-06-12,43,13,1,31,25
2020-06-13,43,5,0,19,29
2020-06-14,31,3,0,16,18
2020-06-15,24,13,0,20,17
2020-06-16,21,13,1,22,12
2020-06-17,31,12,1,18,25
2020-06-18,51,8,1,25,34
2020-06-19,32,17,0,25,24
2020-06-20,36,31,0,39,28
2020-06-21,40,8,0,25,23
2020-06-22,11,6,0,9,8
2020-06-23,16,30,1,35,11
2020-06-24,30,21,0,31,20
2020-06-25,23,5,1,16,12
2020-06-26,26,13,0,23,16
2020-06-27,31,20,0,28,23
2020-06-28,40,22,0,38,24
2020-06-29,30,12,0,20,22
2020-06-30,22,20,0,25,17
2020-07-01,36,15,0,29,22
2020-07-02,44,10,0,31,23
2020-07-03,49,12,0,31,30
2020-07-04,36,27,1,38,25
2020-07-05,43,18,0,31,30
2020-07-06,24,24,1,26,22
2020-07-07,20,24,1,22,22
2020-07-08,30,32,0,35,27
2020-07-09,28,22,2,28,22
2020-07-10,23,22,1,36,9
2020-07-11,20,15,0,22,13
2020-07-12,21,23,1,32,12
2020-07-13,19,43,0,39,23
2020-07-14,14,19,0,16,17
2020-07-15,11,28,0,33,6
2020-07-16,14,47,1,47,14
2020-07-17,21,39,2,35,25
2020-07-18,11,28,1,23,16
2020-07-19,21,13,1,21,13
2020-07-20,4,22,1,19,7
2020-07-21,20,25,0,25,20
2020-07-22,29,34,1,39,24
2020-07-23,39,20,0,38,21
2020-07-24,28,13,1,23,18
2020-07-25,27,86,0,96,17
2020-07-26,12,46,0,49,9
2020-07-27,9,16,1,13,12
2020-07-28,5,23,1,22,6
2020-07-29,14,34,0,32,16
2020-07-30,7,11,0,13,5
2020-07-31,14,22,1,24,12
2020-08-01,8,23,0,23,8
2020-08-02,8,22,0,21,9
2020-08-03,3,20,0,15,8
2020-08-04,13,21,0,23,11
2020-08-05,13,20,1,23,10
2020-08-06,23,20,0,34,9
2020-08-07,9,11,1,12,8
2020-08-08,30,13,1,23,20
2020-08-09,30,6,1,17,19
2020-08-10,17,11,0,14,14
2020-08-11,23,11,0,20,14
2020-08-12,35,19,0,34,20
2020-08-13,47,9,0,31,25
2020-08-14,85,18,0,51,52
2020-08-15,154,12,0,70,96
2020-08-16,267,12,0,102,177
2020-08-17,188,9,0,75,122
2020-08-18,235,11,1,90,156
2020-08-19,283,14,0,108,189
2020-08-20,276,12,1,134,154
2020-08-21,315,9,2,148,176
2020-08-22,315,17,0,145,187
2020-08-23,386,10,0,157,239
2020-08-24,258,8,0,118,148
2020-08-25,264,16,1,137,143
2020-08-26,307,13,2,145,175
2020-08-27,434,7,1,207,234
2020-08-28,359,12,3,175,196
2020-08-29,308,15,5,141,182
2020-08-30,283,16,2,154,145
2020-08-31,238,10,1,114,134
2020-09-01,221,14,0,114,121
2020-09-02,253,14,2,133,134
2020-09-03,188,7,3,87,108
2020-09-04,188,10,2,94,104
2020-09-05,158,10,2,82,86
2020-09-06,152,15,1,79,88
2020-09-07,107,12,2,66,53
2020-09-08,120,16,5,73,63
2020-09-09,144,12,3,76,80
2020-09-10,140,15,2,76,79
2020-09-11,161,15,4,77,99
2020-09-12,118,18,5,81,55
2020-09-13,99,22,3,63,58
2020-09-14,98,11,5,51,58
2020-09-15,90,16,3,48,58
2020-09-16,105,8,0,67,46
2020-09-17,145,8,5,74,79
2020-09-18,109,17,5,57,69
2020-09-19,106,4,1,45,65
2020-09-20,72,10,5,48,34
2020-09-21,55,15,2,36,34
2020-09-22,50,11,3,37,24
2020-09-23,99,11,0,59,51
2020-09-24,109,16,5,65,60
2020-09-25,95,19,2,54,60
2020-09-26,49,12,4,25,36
2020-09-27,73,22,2,42,53
2020-09-28,40,10,5,26,24
2020-09-29,23,15,1,27,11
2020-09-30,94,19,6,77,36
2020-10-01,67,10,2,42,35
2020-10-02,53,10,1,38,25
2020-10-03,52,23,4,47,28
2020-10-04,47,17,1,40,24
2020-10-05,64,9,1,47,26
2020-10-06,66,9,0,49,26
2020-10-07,94,20,3,53,61
2020-10-08,60,9,2,39,30
2020-10-09,38,16,1,28,26
2020-10-10,61,11,2,40,32
2020-10-11,46,12,2,34,24
2020-10-12,69,29,1,56,42
2020-10-13,69,22,1,53,38
2020-10-14,53,31,4,51,33
2020-10-15,95,15,1,32,78
2020-10-16,41,6,2,21,26
2020-10-17,62,11,2,26,47
2020-10-18,71,20,1,48,43
2020-10-19,50,26,0,36,40
2020-10-20,41,17,3,38,20
2020-10-21,57,32,3,47,42
2020-10-22,104,17,3,60,61
2020-10-23,138,17,2,73,82
2020-10-24,66,11,2,41,36
2020-10-25,50,11,0,26,35
2020-10-26,94,25,0,51,68
2020-10-27,72,16,3,41,47
2020-10-28,96,7,1,46,57
2020-10-29,107,18,1,68,57
2020-10-30,93,20,1,54,59
2020-10-31,96,31,1,63,64
2020-11-01,101,23,2,60,64
2020-11-02,79,18,2,48,49
2020-11-03,46,29,4,43,32
2020-11-04,98,19,2,60,57
2020-11-05,108,17,1,63,62
2020-11-06,117,28,1,74,71
2020-11-07,72,17,1,50,39
2020-11-08,118,25,1,76,67
2020-11-09,99,27,2,57,69
2020-11-10,71,29,4,56,44
2020-11-11,113,32,2,67,78
2020-11-12,128,15,0,77,66
2020-11-13,162,29,1,91,100
2020-11-14,166,39,4,105,100
2020-11-15,176,32,1,100,108
2020-11-16,192,30,1,117,105
2020-11-17,202,28,0,118,112
2020-11-18,245,40,2,158,127
2020-11-19,293,32,2,164,161
2020-11-20,320,28,2,177,171
2020-11-21,361,25,2,210,176
2020-11-22,302,28,2,173,157
2020-11-23,255,16,4,128,143
2020-11-24,318,31,1,190,159
2020-11-25,363,19,3,206,176
2020-11-26,552,29,2,294,287
2020-11-27,525,30,1,299,256
2020-11-28,486,17,6,262,241
2020-11-29,413,37,1,233,217
2020-11-30,414,24,2,213,225
2020-12-01,420,31,0,233,218
2020-12-02,492,19,0,262,249
2020-12-03,516,24,3,273,267
2020-12-04,600,28,7,287,341
2020-12-05,559,18,3,282,295
2020-12-06,599,32,5,339,292
2020-12-07,580,35,4,296,319
2020-12-08,561,26,3,271,316
2020-12-09,646,24,4,335,335
2020-12-10,642,37,8,351,328
2020-12-11,673,16,8,336,353
2020-12-12,928,22,6,436,514
2020-12-13,1000,30,2,483,547
2020-12-14,682,36,7,331,387
2020-12-15,847,32,13,414,465
2020-12-16,1054,24,12,556,522
2020-12-17,993,20,22,473,540
2020-12-18,1038,26,11,483,581
2020-12-19,1024,21,14,470,575
2020-12-20,1071,25,15,626,470
2020-12-21,891,33,24,459,465
2020-12-22,821,45,23,421,445
2020-12-23,1058,32,17,528,562
2020-12-24,955,30,17,485,500
2020-12-25,1215,25,17,771,469
2020-12-26,1103,28,20,565,566
2020-12-27,946,24,15,472,498
2020-12-28,786,20,11,395,411
2020-12-29,1027,16,40,617,426
2020-12-30,1025,25,20,522,528
2020-12-31,940,27,21,505,462
2021-01-01,1002,25,17,555,472
2021-01-02,784,36,25,418,402
2021-01-03,641,16,20,301,356
2021-01-04,986,34,19,536,484
2021-01-05,672,42,26,355,359
2021-01-06,807,31,20,407,431
2021-01-07,832,37,19,458,411
2021-01-08,632,42,34,319,355
2021-01-09,596,45,19,323,318
2021-01-10,623,34,25,337,320
2021-01-11,419,32,15,239,212
2021-01-12,510,27,25,267,270
2021-01-13,535,26,20,276,285
2021-01-14,496,28,10,272,252
2021-01-15,483,29,21,261,251
2021-01-16,547,33,19,279,301
2021-01-17,500,20,13,255,265
2021-01-18,366,23,15,196,193
2021-01-19,351,35,19,197,189
2021-01-20,373,31,17,202,202
2021-01-21,381,19,16,183,217
2021-01-22,314,32,12,168,178
2021-01-23,403,28,9,208,223
2021-01-24,369,23,12,198,194
2021-01-25,405,32,11,234,203
2021-01-26,333,16,11,156,193
2021-01-27,516,43,7,279,280
2021-01-28,479,18,8,274,223
2021-01-29,445,24,13,215,254
2021-01-30,421,35,15,224,232
2021-01-31,322,31,6,182,171
2021-02-01,285,20,5,147,158
2021-02-02,295,41,10,187,149
2021-02-03,433,34,6,251,216
2021-02-04,429,22,7,212,239
2021-02-05,350,20,11,185,185
2021-02-06,362,28,5,197,193
2021-02-07,325,46,7,214,157
2021-02-08,264,24,3,152,136
2021-02-09,273,30,8,158,145
2021-02-10,414,30,4,250,194
2021-02-11,467,37,10,244,260
2021-02-12,384,19,11,199,204
2021-02-13,345,17,6,187,175
2021-02-14,304,22,8,160,166
2021-02-15,322,21,5,166,177
2021-02-16,429,28,7,248,209
2021-02-17,590,31,4,305,316
2021-02-18,590,31,6,320,301
2021-02-19,533,28,6,267,294
2021-02-20,415,32,3,238,209
2021-02-21,391,25,4,202,214
2021-02-22,313,19,5,161,171
2021-02-23,329,27,11,191,165
2021-02-24,417,23,3,208,232
2021-02-25,368,27,5,200,195
2021-02-26,363,24,4,195,192
2021-02-27,405,10,10,210,205
2021-02-28,333,22,8,182,173
2021-03-01,338,17,2,184,171
2021-03-02,319,25,1,172,172
2021-03-03,426,18,6,259,185
2021-03-04,401,23,7,230,194
2021-03-05,381,17,8,212,186
2021-03-06,404,14,5,227,191
2021-03-07,398,18,2,218,198
2021-03-08,335,11,8,197,149
2021-03-09,427,19,3,229,217
2021-03-10,452,18,3,253,217
2021-03-11,444,21,4,233,232
2021-03-12,467,21,9,251,237
2021-03-13,474,16,5,234,256
2021-03-14,436,23,2,237,222
2021-03-15,367,12,5,213,166
2021-03-16,345,18,3,186,177
2021-03-17,452,17,8,242,227
2021-03-18,427,18,2,244,201
2021-03-19,441,22,2,230,233
2021-03-20,435,12,3,239,208
2021-03-21,437,19,3,246,210
2021-03-22,396,19,1,208,207
2021-03-23,331,15,7,156,190
2021-03-24,411,17,3,229,199
2021-03-25,419,11,2,226,204
2021-03-26,466,23,7,238,251
2021-03-27,490,15,5,245,260
2021-03-28,461,20,0,253,228
2021-03-29,369,13,4,198,184
2021-03-30,429,18,3,240,207
2021-03-31,491,15,2,239,267
2021-04-01,537,14,4,281,270
2021-04-02,532,25,2,294,263
2021-04-03,520,22,2,274,268
2021-04-04,514,29,4,246,297
2021-04-05,449,24,4,227,246
2021-04-06,459,18,4,231,246
2021-04-07,653,15,4,334,334
2021-04-08,674,26,1,342,358
2021-04-09,644,27,6,331,340
2021-04-10,662,15,1,336,341
2021-04-11,594,20,3,339,275
2021-04-12,560,27,2,300,287
2021-04-13,528,14,5,281,261
2021-04-14,714,17,6,379,352
2021-04-15,670,28,6,353,345
2021-04-16,652,21,2,323,350
2021-04-17,630,28,4,327,331
2021-04-18,648,23,3,344,327
2021-04-19,512,20,4,278,254
2021-04-20,529,20,1,295,254
2021-04-21,692,39,3,366,365
2021-04-22,715,20,2,386,349
2021-04-23,758,39,3,393,404
2021-04-24,759,26,1,405,380
2021-04-25,603,41,1,323,321
2021-04-26,469,30,4,253,246
2021-04-27,477,35,3,270,242
2021-04-28,748,21,1,376,393
2021-04-29,648,31,4,327,352
2021-04-30,642,19,3,353,308
2021-05-01,592,34,3,313,313
2021-05-02,585,21,2,310,296
2021-05-03,464,23,1,236,251
2021-05-04,514,27,6,273,268
2021-05-05,651,25,7,368,308
2021-05-06,562,12,4,295,279
2021-05-07,509,16,9,258,267
2021-05-08,672,29,5,339,362
2021-05-09,522,42,9,293,271
2021-05-10,436,27,1,236,227
2021-05-11,483,27,4,253,257
2021-05-12,612,22,5,325,309
2021-05-13,692,23,5,373,342
2021-05-14,729,18,2,367,380
2021-05-15,661,20,3,360,321
2021-05-16,572,38,4,312,298
2021-05-17,597,22,3,336,283
2021-05-18,506,22,1,283,245
2021-05-19,637,17,8,356,298
2021-05-20,619,27,4,308,338
2021-05-21,542,19,6,310,251
2021-05-22,633,33,4,345,321
2021-05-23,570,15,5,307,278
2021-05-24,505,25,3,286,244
2021-05-25,481,35,4,289,227
2021-05-26,684,21,2,357,348
2021-05-27,620,9,3,326,303
2021-05-28,571,16,3,319,268
2021-05-29,505,28,5,271,262
2021-05-30,464,16,6,249,231
2021-05-31,411,19,2,202,228
2021-06-01,449,10,4,270,189
2021-06-02,654,23,2,351,326
2021-06-03,672,9,3,337,344
2021-06-04,674,21,1,381,314
2021-06-05,725,19,2,395,349
2021-06-06,541,15,2,297,259
2021-06-07,454,31,1,267,218
2021-06-08,435,19,1,256,198
2021-06-09,581,21,2,324,278
2021-06-10,593,17,1,322,288
2021-06-11,541,15,2,301,255
2021-06-12,525,40,1,296,269
2021-06-13,419,33,3,245,207
2021-06-14,360,39,3,211,188
2021-06-15,347,26,4,192,181
2021-06-16,522,23,1,261,284
2021-06-17,523,17,1,281,259
2021-06-18,485,22,2,273,234
2021-06-19,456,26,1,248,234
2021-06-20,380,49,5,218,211
2021-06-21,317,40,2,179,178
2021-06-22,350,44,2,210,184
2021-06-23,605,40,1,356,289
2021-06-24,576,34,1,340,270
2021-06-25,602,32,1,372,262
2021-06-26,611,57,3,363,305
2021-06-27,570,44,1,334,280
2021-06-28,472,29,2,281,220
2021-06-29,560,35,2,320,275
2021-06-30,759,35,1,405,389
2021-07-01,711,50,3,434,327
2021-07-02,765,60,3,448,377
2021-07-03,748,46,1,413,381
2021-07-04,662,81,1,402,341
2021-07-05,644,67,2,360,351
2021-07-06,690,56,4,386,360
2021-07-07,1166,45,1,629,582
2021-07-08,1227,48,1,697,578
2021-07-09,1236,80,2,695,621
2021-07-10,1320,58,2,704,674
2021-07-11,1280,44,5,748,576
2021-07-12,1063,37,1,579,521
2021-07-13,1097,53,2,620,530
2021-07-14,1566,47,1,890,723
2021-07-15,1554,45,2,869,730
2021-07-16,1474,60,1,828,706
2021-07-17,1400,49,4,775,674
2021-07-18,1402,51,2,793,660
2021-07-19,1207,44,1,668,583
2021-07-20,1242,36,1,660,618
2021-07-21,1725,56,1,950,831
2021-07-22,1532,309,3,1058,783
2021-07-23,1573,56,3,874,755
2021-07-24,1572,55,2,864,763
2021-07-25,1422,65,5,802,685
2021-07-26,1264,54,4,711,607
2021-07-27,1273,89,2,742,620
2021-07-28,1822,73,4,950,945
2021-07-29,1631,42,2,845,828
2021-07-30,1662,48,4,895,815
2021-07-31,1465,73,6,796,742
2021-08-01,1386,56,3,731,711
2021-08-02,1150,68,1,588,630
2021-08-03,1150,50,5,598,602
2021-08-04,1664,61,2,903,822
2021-08-05,1716,59,3,944,831
2021-08-06,1640,64,4,912,792
2021-08-07,1762,61,3,941,882
2021-08-08,1668,59,5,911,816
2021-08-09,1453,36,4,754,735
2021-08-10,1474,63,9,781,756
2021-08-11,2144,77,1,1103,1118
2021-08-12,1947,40,3,1064,923
2021-08-13,1913,76,6,1092,897
2021-08-14,1858,70,4,1060,868
2021-08-15,1748,68,7,968,848
2021-08-16,1491,63,11,836,718
2021-08-17,1322,50,6,711,661
2021-08-18,1766,37,5,1009,794
2021-08-19,2114,38,13,1220,932
2021-08-20,1999,50,6,1144,905
2021-08-21,1811,65,5,1041,835
2021-08-22,1588,38,13,851,775
2021-08-23,1370,47,7,781,636
2021-08-24,1469,38,6,824,683
2021-08-25,2113,41,9,1197,957
2021-08-26,1828,53,20,1082,799
2021-08-27,1809,28,8,1000,837
2021-08-28,1736,55,11,923,868
2021-08-29,1576,43,3,881,738
2021-08-30,1424,61,5,828,657
2021-08-31,1331,38,1,750,619
2021-09-01,1991,33,7,1116,908
2021-09-02,1925,34,11,1091,868
2021-09-03,1674,34,4,964,744
2021-09-04,1775,28,6,1035,768
2021-09-05,1461,29,6,799,691
2021-09-06,1351,24,6,760,615
2021-09-07,1563,34,3,908,689
2021-09-08,2011,36,4,1144,903
2021-09-09,2018,30,9,1122,926
2021-09-10,1857,35,5,1067,825
2021-09-11,1815,49,10,1020,844
2021-09-12,1725,30,1,978,777
2021-09-13,1409,24,1,821,612
2021-09-14,1461,34,7,866,629
2021-09-15,2054,23,12,1155,922
2021-09-16,1919,22,6,1057,884
2021-09-17,1972,35,3,1136,871
2021-09-18,2047,40,5,1154,933
2021-09-19,1870,39,10,1046,863
2021-09-20,1575,28,5,896,707
2021-09-21,1697,32,4,974,755
2021-09-22,1703,17,6,940,780
2021-09-23,1697,18,8,988,727
2021-09-24,2411,18,6,1387,1042
2021-09-25,3240,28,7,1853,1415
2021-09-26,2733,34,9,1591,1176
2021-09-27,2353,27,6,1320,1060
2021-09-28,2268,19,8,1304,983
2021-09-29,2855,26,10,1680,1201
2021-09-30,2535,25,7,1478,1082
2021-10-01,2449,34,16,1476,1007
2021-10-02,2220,27,7,1345,902
2021-10-03,2056,28,3,1231,853
2021-10-04,1650,20,6,1022,648
2021-10-05,1555,19,11,983,591
2021-10-06,2001,26,12,1252,775
2021-10-07,2397,27,8,1399,1025
2021-10-08,2140,31,10,1279,892
2021-10-09,1923,29,6,1129,823
2021-10-10,1559,34,15,945,648
2021-10-11,1284,13,8,743,554
2021-10-12,1333,13,11,802,544
2021-10-13,1568,13,11,903,678
2021-10-14,1923,15,12,1106,832
2021-10-15,1669,14,8,943,740
2021-10-16,1592,24,18,882,734
2021-10-17,1403,17,16,812,608
2021-10-18,1030,19,8,584,465
2021-10-19,1048,25,21,573,500
2021-10-20,1556,15,9,887,684
2021-10-21,1430,11,11,809,632
2021-10-22,1417,20,16,805,632
2021-10-23,1486,21,19,832,675
2021-10-24,1393,28,20,807,614
2021-10-25,1167,23,7,627,563
2021-10-26,1245,20,15,672,593
2021-10-27,1931,21,9,1093,859
2021-10-28,2094,16,11,1182,928
2021-10-29,2092,30,8,1141,981
2021-10-30,2087,15,13,1158,944
2021-10-31,2052,9,19,1177,884
2021-11-01,1664,20,9,855,829
2021-11-02,1577,11,16,803,785
2021-11-03,2638,27,18,1423,1242
2021-11-04,2457,25,24,1282,1200
2021-11-05,2322,20,20,1231,1111
2021-11-06,2217,29,20,1196,1050
2021-11-07,2204,20,11,1189,1035
2021-11-08,1731,27,13,904,854
2021-11-09,1697,17,18,886,828
2021-11-10,2408,16,13,1309,1115
2021-11-11,2493,26,21,1275,1244
2021-11-12,2358,10,18,1218,1150
2021-11-13,2310,14,32,1185,1139
2021-11-14,2399,18,20,1259,1158
2021-11-15,1983,20,12,967,1036
2021-11-16,2109,15,22,1034,1090
2021-11-17,3160,23,20,1649,1534
2021-11-18,3271,20,29,1681,1610
2021-11-19,3009,23,28,1562,1470
2021-11-20,3186,17,29,1592,1611
2021-11-21,3094,24,30,1574,1544
2021-11-22,2806,20,24,1421,1405
2021-11-23,2682,14,30,1380,1316
2021-11-24,4086,28,34,2092,2022
2021-11-25,3913,21,39,2043,1891
2021-11-26,3876,18,39,1983,1911
2021-11-27,4041,23,52,2041,2023
2021-11-28,3889,35,56,1944,1980
2021-11-29,3284,23,32,1678,1629
2021-11-30,3002,29,44,1530,1501
2021-12-01,5071,48,33,2578,2541
2021-12-02,5237,24,48,2689,2572
2021-12-03,4921,21,32,2457,2485
2021-12-04,5324,25,70,2671,2678
2021-12-05,5100,23,43,2536,2587
2021-12-06,4294,29,41,2124,2199
2021-12-07,4918,30,64,2596,2352
2021-12-08,7139,33,63,3616,3556
2021-12-09,7080,20,56,3551,3549
2021-12-10,6976,39,53,3368,3647
2021-12-11,6944,26,80,3438,3532
2021-12-12,6652,28,42,3287,3393
2021-12-13,5781,35,40,2982,2834
2021-12-14,5522,42,94,2840,2724
2021-12-15,7817,23,67,4014,3826
2021-12-16,7583,31,62,3812,3802
2021-12-17,7395,36,72,3674,3757
2021-12-18,7278,29,53,3663,3644
2021-12-19,6168,63,76,3183,3048
2021-12-20,5253,60,53,2685,2628
2021-12-21,5133,58,52,2609,2582
2021-12-22,7356,91,78,3737,3710
2021-12-23,6849,61,108,3489,3421
2021-12-24,6159,70,56,3108,3121
2021-12-25,5762,74,101,2922,2914
2021-12-26,5333,80,68,2758,2655
2021-12-27,4120,83,55,2164,2039
2021-12-28,3775,88,46,1908,1955
2021-12-29,5276,125,36,2651,2750
2021-12-30,4928,104,72,2501,2531
2021-12-31,4754,117,108,2475,2396
2022-01-01,4306,105,62,2160,2251
2022-01-02,3676,149,69,1897,1928
2022-01-03,2989,135,36,1591,1533
2022-01-04,2886,133,50,1561,1458
2022-01-05,4231,210,57,2240,2201
2022-01-06,3927,191,48,2087,2031
2022-01-07,3521,185,45,1881,1825
2022-01-08,3292,210,54,1783,1719
2022-01-09,3131,233,51,1707,1657
2022-01-10,2765,238,34,1570,1433
2022-01-11,2805,282,43,1570,1517
2022-01-12,4004,376,52,2410,1970
2022-01-13,3773,385,44,2188,1970
2022-01-14,4128,406,48,2458,2076
2022-01-15,4068,344,22,2358,2054
2022-01-16,3808,375,29,2146,2037
2022-01-17,3548,304,23,1934,1918
2022-01-18,3758,306,45,2088,1976
2022-01-19,5421,374,73,2953,2842
2022-01-20,6354,244,28,3367,3231
2022-01-21,6478,284,21,3504,3258
2022-01-22,6714,273,28,3481,3506
2022-01-23,7338,282,11,3845,3775
2022-01-24,7153,352,25,3781,3724
2022-01-25,8354,214,23,4247,4321
2022-01-26,12731,266,32,6568,6429
2022-01-27,14288,217,33,7180,7325
2022-01-28,15880,199,24,7821,8258
2022-01-29,17310,189,34,8628,8871
2022-01-30,17288,225,20,8788,8725
2022-01-31,16837,229,23,8439,8627
2022-02-01,18108,219,17,9200,9127
2022-02-02,20097,162,15,10033,10226
2022-02-03,22698,134,24,11045,11787
2022-02-04,27265,156,23,13389,14032
2022-02-05,36126,182,22,17326,18982
2022-02-06,38482,191,14,18438,20235
2022-02-07,35101,148,13,16996,18253
2022-02-08,36594,100,35,17842,18852
2022-02-09,49343,165,21,24151,25357
2022-02-10,54015,87,20,26298,27804
2022-02-11,53748,111,48,26474,27385
2022-02-12,54806,111,33,26816,28101
2022-02-13,56234,129,35,27512,28851
2022-02-14,54418,105,21,26581,27942
2022-02-15,56972,168,61,28136,29004
2022-02-16,90248,163,39,44203,46208
2022-02-17,93013,91,36,44586,48518
2022-02-18,109665,115,44,52859,56921
2022-02-19,102035,139,69,48879,53295
2022-02-20,104695,99,51,50115,54679
2022-02-21,95192,145,45,45676,49661
2022-02-22,99401,130,58,48271,51260
2022-02-23,171235,180,99,82724,88691
2022-02-24,169806,168,82,80953,89021
2022-02-25,165694,140,93,78725,87109
2022-02-26,166027,142,112,78390,87779
2022-02-27,163372,153,49,77584,85941
2022-02-28,139444,160,114,66553,73051
2022-03-01,138907,59,111,67702,71264
2022-03-02,219125,69,95,104518,114676
2022-03-03,198728,55,126,94806,103977
2022-03-04,266738,82,182,126181,140639
2022-03-05,254206,78,214,118247,136037
2022-03-06,243501,88,159,113317,130272
2022-03-07,210589,90,138,98777,111902
2022-03-08,202570,75,185,98064,104581
2022-03-09,342336,60,156,163306,179090
2022-03-10,327435,57,205,152845,174647
2022-03-11,282842,107,225,132850,150099
2022-03-12,383537,74,269,180022,203589
2022-03-13,350091,35,249,165480,184646
2022-03-14,309679,62,200,145784,163957
2022-03-15,362167,55,293,173182,189040
2022-03-16,400369,76,163,190320,210125
2022-03-17,620977,58,427,288715,332320
2022-03-18,406739,39,300,189045,217733
2022-03-19,381254,63,312,177087,204230
2022-03-20,334521,24,326,155141,179404
2022-03-21,209047,40,329,99082,110005
2022-03-22,353805,45,379,166804,187046
2022-03-23,490626,45,291,226915,263756
2022-03-24,395419,67,465,181680,213806
2022-03-25,339391,29,391,156617,182803
2022-03-26,335426,49,319,155677,179798
2022-03-27,317968,45,281,146890,171123
2022-03-28,187099,30,284,89493,97636
2022-03-29,347393,41,235,164190,183244
2022-03-30,424500,32,429,196791,227741
2022-03-31,320629,25,368,146746,173908
2022-04-01,280157,53,360,128501,151709
2022-04-02,264066,66,338,121332,142800
2022-04-03,234208,25,304,107589,126644
2022-04-04,127134,20,215,60339,66815
2022-04-05,266030,36,207,123845,142221
2022-04-06,286199,23,367,131711,154511
2022-04-07,224722,41,345,103129,121634
2022-04-08,205249,37,372,94008,111278
2022-04-09,185461,45,335,85108,100398
2022-04-10,164394,32,327,75082,89344
2022-04-11,90869,26,256,43144,47751
2022-04-12,210648,47,170,98378,112317
2022-04-13,195323,40,183,90033,105330
2022-04-14,148377,35,316,67764,80648
2022-04-15,125790,17,261,57338,68469
2022-04-16,107846,31,270,48852,59025
2022-04-17,92935,22,203,41701,51256
2022-04-18,47701,14,131,22307,25408
2022-04-19,118432,28,130,55021,63439
2022-04-20,111262,16,165,51295,59983
2022-04-21,90795,35,147,41242,49588
2022-04-22,81014,19,205,36592,44441
2022-04-23,75366,35,151,34411,40990
2022-04-24,64635,37,109,29313,35359
2022-04-25,34319,39,109,16191,18167
2022-04-26,80299,25,81,36913,43411
2022-04-27,76712,39,140,35121,41630
2022-04-28,57423,25,121,26159,31289
2022-04-29,50521,31,136,23226,27326
2022-04-30,43251,18,70,19740,23529
2022-05-01,37716,37,80,17287,20466
2022-05-02,20040,27,81,9599,10468
2022-05-03,51068,42,48,23853,27257
2022-05-04,49014,34,72,22245,26803
2022-05-05,42253,28,78,18726,23555
2022-05-06,26663,28,48,12154,14537
2022-05-07,39557,27,82,17623,21961
2022-05-08,40022,16,70,18196,21842
2022-05-09,20565,16,40,9694,10887
2022-05-10,49891,23,62,22904,27010
2022-05-11,43868,37,29,19896,24009
2022-05-12,35875,14,63,16324,19565
2022-05-13,32419,14,52,14741,17692
2022-05-14,29541,26,54,13480,16087
2022-05-15,25392,26,48,11425,13993
2022-05-16,13258,27,34,6414,6871
2022-05-17,35076,25,27,16433,18668
2022-05-18,31302,35,31,14518,16819
2022-05-19,28103,14,36,12937,15180
2022-05-20,25094,22,42,11713,13403
2022-05-21,23435,12,26,10990,12457
2022-05-22,19258,25,54,9064,10219
2022-05-23,9952,18,21,4913,5057
2022-05-24,26290,42,19,12287,14045
2022-05-25,23917,21,23,11418,12520
2022-05-26,18772,33,34,8898,9907
2022-05-27,16522,45,40,7904,8663
2022-05-28,14344,44,36,6861,7527
2022-05-29,12616,26,19,5998,6644
2022-05-30,6085,47,9,2957,3175
2022-05-31,17132,43,9,8114,9061
2022-06-01,15735,47,21,7589,8193
2022-06-02,9849,33,14,4657,5225
2022-06-03,12492,35,17,5943,6584
2022-06-04,11978,40,9,5648,6370
2022-06-05,9778,47,20,4632,5193
2022-06-06,4994,17,21,2535,2476
2022-06-07,6135,36,20,3084,3087
2022-06-08,13274,61,6,6382,6953
2022-06-09,12080,63,18,6101,6042
2022-06-10,9254,47,18,4515,4786
2022-06-11,8370,62,10,4063,4369
2022-06-12,7290,79,20,3579,3790
2022-06-13,3759,55,17,1947,1867
2022-06-14,9719,42,2,4877,4884
2022-06-15,9318,99,9,4675,4742
2022-06-16,7885,85,7,3990,3980
2022-06-17,7117,68,9,3533,3652
2022-06-18,6739,77,11,3269,3547
2022-06-19,5977,83,14,2969,3091
2022-06-20,3422,94,10,1771,1745
2022-06-21,9216,73,11,4544,4745
2022-06-22,8868,102,11,4325,4645
2022-06-23,7396,91,14,3516,3971
2022-06-24,7075,112,9,3458,3729
2022-06-25,6659,113,17,3185,3587
2022-06-26,6099,135,6,2968,3266
2022-06-27,3305,111,3,1752,1664
2022-06-28,9762,117,5,4703,5176
2022-06-29,10227,201,7,5009,5419
2022-06-30,9439,144,10,4393,5190
2022-07-01,9373,138,8,4278,5233
2022-07-02,10529,172,7,5018,5683
2022-07-03,9845,183,8,4653,5375
2022-07-04,6076,156,4,3027,3205
2022-07-05,17950,164,2,8422,9692
2022-07-06,19112,223,7,9163,10172
2022-07-07,18287,195,10,8631,9851
2022-07-08,19100,186,12,9053,10233
2022-07-09,20037,216,19,9559,10694
2022-07-10,20123,245,19,9495,10873
2022-07-11,12497,169,18,6083,6583
2022-07-12,37073,251,7,17223,20101
2022-07-13,39848,375,12,18839,21384
2022-07-14,38821,318,16,18107,21032
2022-07-15,38588,260,15,17996,20852
2022-07-16,41010,274,15,19199,22085
2022-07-17,40014,292,14,18906,21400
2022-07-18,25944,315,11,12643,13616
2022-07-19,73178,337,12,34412,39103
2022-07-20,75915,418,12,35468,40865
2022-07-21,70800,306,17,32011,39095
2022-07-22,68259,315,31,31544,37030
2022-07-23,68216,294,30,31631,36879
2022-07-24,65033,309,18,30094,35248
2022-07-25,35506,334,17,17160,18680
2022-07-26,98850,349,17,45533,53666
2022-07-27,99661,527,25,46343,53845
2022-07-28,87905,408,25,40364,47949
2022-07-29,84824,422,35,38858,46388
2022-07-30,81517,384,35,37798,44103
2022-07-31,73191,346,20,33714,39823
2022-08-01,44172,439,21,20953,23658
2022-08-02,111164,559,14,51176,60547
2022-08-03,119251,584,25,54712,65123
2022-08-04,107397,424,34,49310,58511
2022-08-05,112312,481,46,51786,61007
2022-08-06,110035,563,44,51151,59447
2022-08-07,104962,473,27,48479,56956
2022-08-08,54756,470,28,26506,28720
2022-08-09,149255,578,40,69422,80411
2022-08-10,151102,604,50,69912,81794
2022-08-11,136635,501,58,62429,74707
2022-08-12,128179,455,57,59016,69618
2022-08-13,124053,462,66,57089,67426
2022-08-14,119060,448,57,54787,64721
2022-08-15,61643,389,50,29360,32672
2022-08-16,83621,455,37,39672,44404
2022-08-17,180168,560,42,82480,98248
2022-08-18,177853,626,61,81496,96983
2022-08-19,138279,462,82,63657,75084
2022-08-20,128849,484,83,59128,70205
2022-08-21,110493,393,64,51073,59813
2022-08-22,58605,401,64,27948,31058
2022-08-23,149690,492,52,68960,81222
2022-08-24,138820,449,63,64484,74785
2022-08-25,112963,366,107,52238,61091
2022-08-26,100743,351,81,46466,54628
2022-08-27,95163,390,85,44319,51234
2022-08-28,84848,364,69,39191,46021
2022-08-29,42749,351,48,20500,22600
2022-08-30,115212,380,71,53313,62279
2022-08-31,103445,456,75,47929,55972
2022-09-01,81249,294,110,37292,44251
2022-09-02,89216,320,63,40903,48633
2022-09-03,79379,319,74,36857,42841
2022-09-04,71864,235,77,32923,39176
2022-09-05,37240,279,55,17744,19775
2022-09-06,99517,276,43,45857,53936
2022-09-07,85155,331,54,38646,46840
2022-09-08,72394,218,64,32422,40190
2022-09-09,69102,274,67,31233,38143
2022-09-10,42446,231,47,19943,22734
2022-09-11,27963,223,47,13425,14761
2022-09-12,36710,201,21,17270,19641
2022-09-13,57005,266,34,26186,31085
2022-09-14,93633,312,60,42549,51396
2022-09-15,71091,345,70,32647,38789
2022-09-16,51497,340,58,23870,27967
2022-09-17,43147,275,56,20138,23284
2022-09-18,34493,235,46,16232,18496
2022-09-19,19101,277,39,9313,10065
2022-09-20,47568,311,24,22251,25628
2022-09-21,40931,320,57,18915,22336
2022-09-22,32732,254,58,14981,18005
2022-09-23,28785,298,68,13233,15850
2022-09-24,29029,295,63,13383,15941
2022-09-25,25515,242,72,11809,13948
2022-09-26,13935,214,33,6740,7409
2022-09-27,39090,301,26,17837,21554
2022-09-28,35745,374,45,16584,19535
2022-09-29,30600,245,46,13971,16874
2022-09-30,28211,273,41,12980,15504
2022-10-01,26646,296,38,12240,14702
2022-10-02,23332,240,44,10473,13099
2022-10-03,12010,131,20,5650,6491
2022-10-04,16306,106,19,7635,8777
2022-10-05,34647,69,16,15645,19071
2022-10-06,28550,82,28,12650,15982
2022-10-07,22225,54,41,9875,12404
2022-10-08,19359,60,31,8660,10759
2022-10-09,17584,61,29,7854,9791
2022-10-10,8921,47,23,4069,4899
2022-10-11,15365,95,10,6971,8489
2022-10-12,30439,70,15,13454,17055
2022-10-13,26858,67,25,11859,15066
2022-10-14,23511,60,36,10536,13035
2022-10-15,22771,53,24,10124,12700
2022-10-16,21366,87,32,9386,12067
2022-10-17,10940,81,10,5220,5801
2022-10-18,33128,87,5,14761,18454
2022-10-19,29413,72,42,13145,16340
2022-10-20,25312,53,23,11020,14345
2022-10-21,24667,58,29,10773,13952
2022-10-22,26842,48,22,11730,15160
2022-10-23,26167,66,16,11632,14601
2022-10-24,14242,54,10,6505,7791
2022-10-25,43662,72,16,19286,24448
2022-10-26,40731,80,25,17729,23082
2022-10-27,34914,55,26,15125,19844
2022-10-28,35852,60,30,15474,20438
2022-10-29,37251,56,31,16369,20938
2022-10-30,34444,46,28,15199,19291
2022-10-31,18444,56,17,8470,10030
2022-11-01,58286,68,31,25814,32540
2022-11-02,54652,77,30,23792,30937
2022-11-03,46819,55,41,20250,26624
2022-11-04,43380,50,34,18977,24453
2022-11-05,40831,56,40,17982,22905
2022-11-06,36592,66,18,16157,20501
2022-11-07,18601,60,18,8425,10236
2022-11-08,62206,52,29,27827,34431
2022-11-09,62417,42,58,27448,35011
2022-11-10,55293,50,51,24095,31248
2022-11-11,54446,49,40,24191,30304
2022-11-12,54245,58,45,23581,30722
2022-11-13,48389,53,48,21285,27157
2022-11-14,23693,54,43,10698,13049
2022-11-15,72809,50,39,32334,40525
2022-11-16,66495,67,46,29029,37533
2022-11-17,55371,39,67,23999,31411
2022-11-18,49326,65,60,21505,27886
2022-11-19,50509,50,64,22144,28415
2022-11-20,45936,58,41,20177,25817
2022-11-21,23011,61,35,10545,12527
2022-11-22,72771,81,43,32181,40671
2022-11-23,70226,69,53,31110,39185
2022-11-24,59008,55,59,25937,33126
2022-11-25,53643,38,53,23499,30182
2022-11-26,52711,62,51,23122,29651
2022-11-27,46936,70,39,20954,26052
2022-11-28,22259,52,44,10258,12053
2022-11-29,71376,84,41,31829,39631
2022-11-30,67307,83,51,29817,37573
2022-12-01,57012,43,62,24956,32099
2022-12-02,52915,55,52,23285,29685
2022-12-03,52792,55,48,23391,29456
2022-12-04,46475,69,60,20366,26178
2022-12-05,23070,80,39,10529,12621
2022-12-06,77498,84,22,35628,41954
2022-12-07,74633,59,54,33404,41288
2022-12-08,65183,48,61,29133,36098
2022-12-09,62660,50,67,27769,34941
2022-12-10,62658,61,54,27925,34794
2022-12-11,54241,52,40,23798,30495
2022-12-12,25590,63,30,11812,13841
2022-12-13,86763,56,29,39445,47374
2022-12-14,84473,73,44,37665,46881
2022-12-15,70101,38,58,30953,39186
2022-12-16,66848,82,66,29413,37517
2022-12-17,66847,57,54,29862,37042
2022-12-18,58748,85,41,25972,32861
2022-12-19,26527,81,37,12423,14185
2022-12-20,87448,73,56,40190,47331
2022-12-21,88074,69,56,39483,48660
2022-12-22,75643,73,61,33878,41838
2022-12-23,68046,95,62,30360,37781
2022-12-24,66116,66,69,29145,37037
2022-12-25,58338,64,45,25909,32493
2022-12-26,25456,67,42,11825,13698
2022-12-27,87507,66,48,39319,48254
2022-12-28,87424,56,69,38374,49106
2022-12-29,71320,72,75,31254,40138
2022-12-30,65125,69,68,28228,36966
2022-12-31,63019,67,61,27544,35542
2023-01-01,57384,108,63,25438,32054
2023-01-02,22684,36,53,10590,12130
2023-01-03,80966,61,29,36599,44428
2023-01-04,78380,160,53,34961,43579
2023-01-05,63887,188,64,28144,35931
2023-01-06,56666,254,73,24912,32008
2023-01-07,53552,218,60,23610,30160
2023-01-08,46606,131,33,20730,26007
2023-01-09,18971,110,35,8951,10130
2023-01-10,59934,85,44,27097,32922
2023-01-11,54202,113,75,24237,30078
2023-01-12,43795,124,70,19352,24567
2023-01-13,39564,136,49,17479,22221
2023-01-14,36578,98,45,16465,20211
2023-01-15,32448,101,36,14213,18336
2023-01-16,14065,62,34,6437,7690
2023-01-17,40078,91,30,17905,22264
2023-01-18,36807,76,42,16190,20693
2023-01-19,29738,62,47,13139,16661
2023-01-20,27285,90,30,11968,15407
2023-01-21,27553,84,51,12033,15604
2023-01-22,16545,67,24,7457,9155
2023-01-23,9156,54,26,4405,4805
2023-01-24,12216,31,10,5679,6568
2023-01-25,19494,27,25,8675,10846
2023-01-26,35041,30,25,15436,19635
2023-01-27,31647,48,36,14017,17678
2023-01-28,23549,41,29,10404,13186
2023-01-29,18824,37,29,8340,10521
2023-01-30,7389,22,30,3478,3933
2023-01-31,19582,29,24,9158,10453
2023-02-01,20384,28,41,9368,11044
2023-02-02,16807,42,36,7694,9155
2023-02-03,14925,26,30,6749,8202
2023-02-04,14572,40,22,6682,7930
2023-02-05,13971,33,22,6223,7781
2023-02-06,5827,20,16,2741,3106
2023-02-07,16080,29,10,7432,8677
2023-02-08,17882,38,22,8090,9830
2023-02-09,14645,13,34,6445,8213
2023-02-10,13458,39,17,6012,7485
2023-02-11,12775,24,16,5608,7191
2023-02-12,12009,29,23,5286,6752
2023-02-13,5150,16,11,2421,2745
2023-02-14,14335,26,11,6554,7807
2023-02-15,14929,19,24,6623,8325
2023-02-16,12487,24,22,5410,7101
2023-02-17,11406,24,27,5006,6424
2023-02-18,10688,26,12,4687,6027
2023-02-19,10245,23,12,4521,5747
2023-02-20,4303,13,9,2009,2307
2023-02-21,11841,26,8,5331,6536
2023-02-22,13035,32,14,5793,7274
2023-02-23,10811,28,22,4675,6164
2023-02-24,10012,25,20,4373,5664
2023-02-25,10021,29,11,4357,5693
2023-02-26,9187,17,6,4001,5203
2023-02-27,4002,14,15,1786,2230
2023-02-28,10777,30,16,4836,5971
2023-03-01,12262,24,11,5355,6931
2023-03-02,7526,21,15,3281,4266
2023-03-03,10383,20,11,4530,5873
2023-03-04,11220,21,6,4929,6312
2023-03-05,9792,15,5,4349,5458
2023-03-06,4274,19,9,1921,2372
2023-03-07,12254,18,15,5514,6758
2023-03-08,12775,12,12,5682,7105
2023-03-09,10874,7,20,4747,6134
2023-03-10,10317,10,12,4538,5789
2023-03-11,9984,15,3,4487,5512
2023-03-12,9318,13,7,4070,5261
2023-03-13,4184,12,12,1920,2276
2023-03-14,11386,11,6,5113,6284
2023-03-15,11871,21,10,5281,6611
2023-03-16,9918,10,17,4343,5585
2023-03-17,9050,11,7,3960,5101
2023-03-18,9231,15,4,4019,5227
2023-03-19,8788,12,3,3826,4974
2023-03-20,3912,12,9,1756,2168
2023-03-21,11992,17,7,5449,6560
2023-03-22,13048,23,9,5743,7328
2023-03-23,11374,21,14,5060,6335
2023-03-24,10261,14,10,4525,5750
2023-03-25,10429,17,6,4510,5936
2023-03-26,9333,21,3,4063,5291
2023-03-27,4190,9,3,1839,2360
2023-03-28,12108,14,8,5386,6736
2023-03-29,13112,15,14,5682,7445
2023-03-30,11015,13,10,4629,6399
2023-03-31,10340,18,10,4446,5912
2023-04-01,10502,13,5,4509,6006
2023-04-02,9668,18,4,4141,5545
2023-04-03,4330,18,7,1960,2388
2023-04-04,13347,16,8,5803,7560
2023-04-05,14444,10,7,6243,8211
2023-04-06,12059,12,12,5186,6885
2023-04-07,10707,17,9,4564,6160
2023-04-08,10346,14,4,4314,6046
2023-04-09,9524,14,2,4050,5488
2023-04-10,3987,8,8,1770,2225
2023-04-11,12413,23,9,5353,7083
2023-04-12,13908,9,14,5856,8061
2023-04-13,11574,15,5,4881,6708
2023-04-14,11646,15,5,4955,6706
2023-04-15,11650,24,2,5028,6646
2023-04-16,10160,22,4,4465,5717
2023-04-17,4914,22,4,2190,2746
2023-04-18,15144,19,10,6719,8444
2023-04-19,16461,34,6,7146,9349
2023-04-20,14062,22,9,6002,8082
2023-04-21,13567,21,7,5761,7827
2023-04-22,13761,28,5,5836,7953
2023-04-23,11800,21,5,4986,6835
2023-04-24,5000,20,8,2195,2825
2023-04-25,14787,22,6,6397,8412
2023-04-26,16365,13,15,6959,9419
2023-04-27,14229,43,11,5999,8273
2023-04-28,13757,21,10,5983,7795
2023-04-29,14772,35,3,6268,8539
2023-04-30,13578,32,5,5738,7872
2023-05-01,5748,23,8,2554,3217
2023-05-02,15702,27,10,6666,9063
2023-05-03,20164,26,8,8612,11578
2023-05-04,20116,23,7,8284,11855
2023-05-05,18701,37,6,7773,10965
2023-05-06,11767,20,2,4850,6937
2023-05-07,14708,26,6,6189,8545
2023-05-08,8121,33,7,3437,4717
2023-05-09,21640,34,14,9175,12499
2023-05-10,23470,43,21,9845,13668
2023-05-11,20535,32,11,8363,12204
2023-05-12,19966,17,8,8427,11556
2023-05-13,19311,30,6,8145,11196
2023-05-14,17365,17,6,7298,10084
2023-05-15,7135,38,6,3139,4034
2023-05-16,23637,33,13,10169,13501
2023-05-17,26088,39,11,11015,15112
2023-05-18,21753,30,18,8937,12846
2023-05-19,19526,50,13,8299,11277
2023-05-20,18079,19,5,7598,10500
2023-05-21,16764,38,5,7086,9716
2023-05-22,6772,22,12,2969,3825
2023-05-23,21333,43,15,9211,12165
2023-05-24,22910,40,17,9792,13158
2023-05-25,19046,24,17,8014,11056
2023-05-26,17897,28,15,7537,10388
2023-05-27,17755,37,3,7639,10153
2023-05-28,11701,23,2,5124,6600
2023-05-29,6844,19,3,3039,3824
2023-05-30,13498,19,7,5844,7673
2023-05-31,24357,48,17,10615,13790
2023-06-01,24565,33,18,10255,14343
2023-06-02,19690,28,11,8206,11512
2023-06-03,18712,24,9,7986,10750
2023-06-04,16155,16,1,6841,9330
2023-06-05,6929,16,2,3051,3894
2023-06-06,19487,19,4,8483,11023
2023-06-07,15133,21,4,6581,8573
2023-06-08,20428,20,20,8708,11740
2023-06-09,21190,21,20,8993,12218
2023-06-10,17744,20,5,7495,10269
2023-06-11,15980,21,8,6756,9245
2023-06-12,4963,14,4,2247,2730
2023-06-13,20785,19,14,9122,11682
2023-06-14,20692,17,13,8990,11719
2023-06-15,17396,22,16,7500,9918
2023-06-16,16473,12,11,6998,9487
2023-06-17,16730,17,4,7366,9381
2023-06-18,15299,17,3,6601,8715
2023-06-19,6365,10,4,2846,3529
2023-06-20,19719,15,4,8822,10912
2023-06-21,20945,16,13,9082,11879
2023-06-22,17098,33,14,7385,9746
2023-06-23,16232,14,10,6969,9277
2023-06-24,16396,17,6,7091,9322
2023-06-25,16054,8,5,6919,9143
2023-06-26,6577,15,4,2932,3660
2023-06-27,20835,12,10,9294,11553
2023-06-28,21512,21,13,9396,12137
2023-06-29,19285,12,11,8214,11083
2023-06-30,18856,21,11,8039,10838
2023-07-01,18862,20,3,8073,10809
2023-07-02,17578,12,2,7403,10187
2023-07-03,7507,6,3,3476,4037
2023-07-04,25647,13,3,11400,14260
2023-07-05,27425,9,11,11977,15457
2023-07-06,24336,20,12,10374,13982
2023-07-07,24753,14,7,10580,14187
2023-07-08,25654,18,3,11055,14617
2023-07-09,22550,16,2,9848,12718
2023-07-10,9249,6,2,4126,5129
2023-07-11,31212,12,4,13987,17237
2023-07-12,34105,13,10,15031,19087
2023-07-13,29335,12,13,12518,16829
2023-07-14,29533,23,4,12694,16862
2023-07-15,30860,10,5,13700,17170
2023-07-16,28407,13,5,12212,16208
2023-07-17,12112,2,4,5316,6798
2023-07-18,41972,21,3,18607,23386
2023-07-19,47018,10,6,20629,26399
2023-07-20,40838,18,10,17773,23083
2023-07-21,40883,14,14,17682,23215
2023-07-22,42480,17,7,18412,24085
2023-07-23,41563,10,7,17857,23716
2023-07-24,16765,13,7,7421,9357
2023-07-25,50803,10,9,22566,28247
2023-07-26,57200,16,18,24582,32634
2023-07-27,51227,12,23,21848,29391
2023-07-28,48059,10,16,20401,27668
2023-07-29,48190,6,6,20551,27645
2023-07-30,44744,5,14,19243,25506
2023-07-31,18373,6,10,8141,10238
2023-08-01,56086,10,9,24453,31643
2023-08-02,64142,6,17,27770,36378
2023-08-03,55446,7,18,24070,31383
2023-08-04,54703,10,17,23665,31048
2023-08-05,53100,11,12,22976,30135
2023-08-06,48874,11,14,21301,27584
2023-08-07,20234,7,11,8906,11335
2023-08-08,61372,5,18,26941,34436
2023-08-09,65681,15,23,28556,37140
2023-08-10,55865,9,25,23945,31929
2023-08-11,49319,16,28,21050,28285
2023-08-12,47831,9,17,20459,27381
2023-08-13,45718,11,14,19812,25917
2023-08-14,17222,4,20,7579,9647
2023-08-15,47095,15,6,20762,26348
2023-08-16,36953,8,16,15958,21003
2023-08-17,49835,13,21,21823,28025
2023-08-18,50910,10,22,21903,29017
2023-08-19,44052,1,21,18881,25172
2023-08-20,38969,5,22,16841,22133
2023-08-21,14554,10,20,6655,7909
2023-08-22,47372,12,22,21012,26372
2023-08-23,48152,9,14,21127,27034
2023-08-24,40807,8,17,17758,23057
2023-08-25,37500,4,24,16660,20844
2023-08-26,36879,7,13,16243,20643
2023-08-27,32960,7,23,14551,18416
2023-08-28,13148,1,12,6067,7082
2023-08-29,42992,6,21,19469,23529
2023-08-30,42576,10,24,19282,23304
2023-08-31,50453,11,76,22076,28388
